/forgot-password.html /forgot-password 301
/sign-in.html /sign-in 301
/sign-up.html /sign-up 301
/add-post.html /add-post 301
/profile.html /profile 301
/user-post.html /user-post 301
/user-posts.html /user-posts 301
/public-post.html /public-post 301
/public-posts.html /public-posts 301
/account.html /account 301
/saved.html /saved 301
/search.html /search 301
